Organisation name,Organisation title,Org type,Downloads all time,Downloads last year,Public datasets,Requestable datasets,Private datasets,Archived datasets,% of public cod scripted,% of public non-cod scripted,% of public previous scripted,% of public live,% of public ongoing,Followers,Any updated last 3 months,Any public updated last 3 months,Any updated previous quarter,Any public updated previous quarter,Latest scripted update date,In explorer or grid,marked inactive
3isolution,3iSolution,Global,239,615,8,0,0,0,0,0,0,0,25,12,Yes,Yes,Yes,Yes,,No,No
acaps,ACAPS,Global,55690,15371,17,0,0,1,0,0,6,0,41,143,Yes,Yes,Yes,Yes,2024-05-28,No,No
accion-contra-el-hambre-gis4tech,Acción contra el hambre - GIS4tech,Local,572,1262,33,0,0,0,0,0,0,0,15,11,Yes,Yes,Yes,Yes,,No,No
acf-west-africa,Action Against Hunger ACF - Regional Office for West and Central Africa ROWCA,Regional,6073,3233,18,0,0,0,0,0,0,0,6,147,Yes,Yes,Yes,Yes,,No,No
acfcolombia,Accion contra el Hambre Colombia (inactive),Local,0,0,0,0,0,0,,,,,,28,No,No,No,No,,No,Yes
acled,Armed Conflict Location & Event Data Project (ACLED),Global,90300,147378,246,0,0,0,0,99,1,0,0,536,Yes,Yes,No,No,2024-05-29,Yes,No
acu,Assistance Coordination Unit,Local,9247,1952,11,1,0,0,0,0,0,0,0,122,Yes,Yes,No,No,,No,No
adeso,Adeso (inactive),Global,888,422,0,0,0,1,,,,,,106,No,No,No,No,,No,Yes
adfhaiti,ADF Haiti,Local,143,254,2,0,0,0,0,0,0,0,50,27,No,No,No,No,,No,No
advanced-disaster-analysis-mapping,WFP Advanced Disaster Analysis & Mapping,Global,1972,3878,13,0,0,63,0,100,0,0,0,33,Yes,Yes,Yes,Yes,2024-05-05,No,No
aer,Verisk Atmospheric and Environmental Research,Global,0,0,0,0,0,0,,,,,,2,No,No,No,No,,No,No
afd,Agence Française de Developpement (AFD) (inactive),Global,823,710,0,0,0,5,,,,,,109,No,No,Yes,No,,No,Yes
afdb,African Development Bank Group,Regional,4193,2053,2,0,0,12,0,0,0,0,0,275,No,No,No,No,,No,No
akvo,Akvo Foundation (inactive),Global,247,273,0,0,0,2,,,,,,87,No,No,No,No,,No,Yes
alhasan-systems-private-limited,ALHASAN Systems Private Limited,Global,8575,2005,2,0,0,6,0,0,0,0,0,84,No,No,No,No,,No,No
american-red-cross,American Red Cross,Global,23555,7621,40,0,0,2,0,0,0,0,15,241,No,No,No,No,,No,No
ansd,Agence Nationale de la Statistique et de la Démographie du Sénégal,Local,1534,1063,5,0,0,1,0,0,0,0,0,94,No,No,No,No,,No,No
aoav,Action on Armed Violence (inactive),Global,289,226,0,0,0,2,,,,,,117,No,No,No,No,,No,Yes
asareca-resakss,ASARECA/ReSAKSS (inactive),Regional,722,479,0,0,0,1,,,,,,56,No,No,No,No,,No,Yes
atlas-ai,Atlas AI,Global,287,694,6,0,0,0,0,0,0,0,0,38,No,No,No,No,,No,No
auc,African Union Commission (inactive),Regional,233,183,0,0,0,1,,,,,,119,No,No,No,No,,No,Yes
awsd,Humanitarian Outcomes,Global,903,1240,24,0,0,2,0,0,0,100,100,100,Yes,Yes,Yes,Yes,,No,No
bicc,Bonn International Centre for Conflict Studies (BICC),Global,1525,2153,2,0,0,0,0,0,0,0,0,81,Yes,Yes,No,No,,No,No
blavatnik-school-of-government-university-of-oxford,"Blavatnik School of Government, University of Oxford",Global,8768,449,1,0,0,0,0,0,0,100,100,51,No,No,No,No,,No,No
brcmapsteam,British Red Cross Maps Team,Global,3780,2066,5,0,0,12,20,0,0,0,0,69,No,No,No,No,2016-10-18,No,No
burkina-open-data-initiative,Burkina Open Data Initiative (inactive),Local,10030,1738,0,0,0,7,,,,,,121,No,No,No,No,,No,Yes
c2s,Cloud to Street (inactive),Global,216,57,0,0,0,1,,,,,,113,No,No,No,No,,No,Yes
c4v,Code for Venezuela,Local,3103,1046,13,0,0,0,0,100,0,0,100,71,No,No,No,No,2022-06-27,No,No
calp,CALP Network (inactive),Global,324,139,0,0,0,1,,,,,,117,No,No,No,No,,No,Yes
care-bangladesh,CARE Bangladesh,Local,9678,733,2,0,0,0,0,0,0,0,50,86,No,No,No,No,,No,No
caritas-australia,Caritas Australia (inactive),Local,861,966,0,0,0,10,,,,,,116,No,No,No,No,,No,Yes
cbas,International Research Center of Big Data for Sustainable Development Goals (CBAS),,10,14,2,0,0,0,0,0,0,0,0,0,Yes,Yes,No,No,,No,No
cbes,Cox's Bazar Education Sector,Local,2246,2939,9,0,0,0,0,0,0,0,0,86,No,No,No,No,,No,No
cbi,OCHA/UNDP Connecting Business initiative (CBi),Global,2009,2416,2,0,0,0,0,0,0,0,100,40,No,No,No,No,,No,No
cbpf,Country-Based Pooled Funds (OCHA),Global,471,319,3,0,0,0,0,0,0,67,33,127,Yes,Yes,Yes,Yes,,No,No
cccm-cluster,CCCM Cluster (inactive),Global,471,697,0,0,0,8,,,,,,105,No,No,No,No,,No,Yes
cccm-cluster-somalia,CCCM Cluster Somalia,Local,813,1483,2,3,0,0,0,0,0,0,50,28,Yes,Yes,No,No,,No,No
cerf,Central Emergency Response Fund,Global,705,188,4,0,0,0,0,0,0,0,25,292,Yes,Yes,No,No,,No,No
cesa,The Climate Emergency Software Alliance,,0,0,0,0,0,0,,,,,,0,No,No,No,No,,No,No
cesvi,Cesvi Palestine,Local,328,364,3,1,0,0,0,0,0,0,0,67,No,No,No,No,,No,No
cewgcsr,Community Engagement Working Group Central Sulawesi Response (inactive),Local,72,69,0,0,0,1,,,,,,51,No,No,No,No,,No,Yes
cfp-rco-nepal,Inter Agency Common Feedback Project Nepal  (inactive),Local,397,363,0,0,0,4,,,,,,67,No,No,No,No,,No,Yes
cfs,ChildFund Senegal (inactive),Local,267,220,0,0,0,2,,,,,,72,No,No,No,No,,No,Yes
childhood-education-international,Childhood Education International,Global,31,74,1,0,0,0,0,0,0,0,0,8,No,No,Yes,Yes,,No,No
cimp,Civilian Impact Monitoring Project (inactive),Global,296,39,0,0,0,2,,,,,,49,No,No,No,No,,No,Yes
cirrolytix,Cirrolytix,Global,2589,3019,1,0,0,0,0,0,0,0,0,22,No,No,No,No,,No,No
clear,CLEAR Global (previously Translators without Borders),Global,12466,11181,29,0,0,0,0,0,0,0,0,109,No,No,No,No,,No,No
cmmb,Catholic Medical Mission Board (inactive),Global,109,74,0,0,0,1,,,,,,46,No,No,No,No,,No,Yes
comrades,COMRADES (inactive),Global,0,0,0,0,0,0,,,,,,72,No,No,No,No,,No,Yes
concentricbyginkgo,Ginkgo Biosecurity,Global,7415,978,1,0,0,0,0,0,0,100,0,56,Yes,Yes,No,No,,No,No
conred-guatemala,CONRED Guatemala,Local,1232,747,2,0,0,2,0,0,0,0,0,61,No,No,No,No,,No,No
cpaor,Global Child Protection AoR,Global,81,97,1,0,0,0,0,0,0,0,0,105,No,No,No,No,,No,No
cred,Centre for Research on the Epidemiology of Disasters,Global,3222,3587,1,0,0,0,0,0,0,0,0,114,Yes,Yes,No,No,,No,No
crosscut,Crosscut,Global,40,123,4,0,0,0,0,0,0,0,0,1,Yes,Yes,Yes,Yes,,No,No
crs-waro,Catholic Relief Services (WARO) (inactive),Regional,388,431,0,0,0,2,,,,,,146,No,No,No,No,,No,Yes
dalberg,Dalberg (inactive),Global,2229,82,0,0,0,1,,,,,,42,No,No,No,No,,No,Yes
danish-refugee-council,Danish Refugee Council,Global,299,376,1,0,0,0,0,0,0,0,100,28,Yes,Yes,No,No,,No,No
dhs,The DHS Program,Global,341284,570537,173,0,0,2,0,100,0,0,0,357,Yes,Yes,No,No,2024-05-20,No,No
drew-university,Drew University (inactive),Global,1888,527,0,0,0,7,,,,,,84,No,No,No,No,,No,Yes
eaa,Education Above All Foundation (inactive),Global,96,117,0,0,0,1,,,,,,126,No,No,No,No,,No,Yes
ecb,Emergency Capacity Building (ECB) Indonesia (inactive),Local,126,86,0,0,0,1,,,,,,73,No,No,No,No,,No,Yes
ecreee,ECOWAS Centre for Renewable Energy and Energy Efficiency (ECREEE) (inactive),Regional,489,93,0,0,0,1,,,,,,114,No,No,No,No,,No,Yes
education-and-conflict-monitor,Education and Conflict Monitor,Global,886,687,2,0,0,0,0,0,0,0,0,129,No,No,No,No,,No,No
education-cluster-colombia,Education Cluster Colombia (inactive),Local,53,60,0,0,0,1,,,,,,69,No,No,No,No,,No,Yes
education-cluster-yemen,Education Cluster Yemen,Local,3292,1065,5,0,0,0,0,0,0,0,20,91,No,No,No,No,,No,No
eewg,UNICEF - Education in Emergencies Working Group,Global,25,45,1,0,0,0,0,0,0,0,0,184,No,No,No,No,,No,No
ehealth-africa,eHealth Africa (inactive),Regional,193,9,0,0,0,1,,,,,,137,No,No,No,No,,No,Yes
eiewg,Education in Emergencies Working Group Nigeria (inactive),Local,733,586,0,0,0,8,,,,,,78,No,No,No,No,,No,Yes
energydata,ENERGYDATA.INFO (inactive),Global,0,0,0,0,0,0,,,,,,25,No,No,No,No,,No,Yes
env,Enveritas (inactive),Global,401,170,0,0,0,1,,,,,,46,No,No,No,No,,No,Yes
esri,Esri,Global,619,170,6,1,0,0,0,0,0,0,0,500,Yes,Yes,Yes,Yes,,No,No
eth-zurich-photogrammetry-and-remote-sensing,"ETH Zürich, Photogrammetry and Remote Sensing",Global,80,163,3,0,0,0,0,0,0,0,0,12,No,No,No,No,,No,No
eth-zurich-weather-and-climate-risks,ETH Zürich - Weather and Climate Risks,Global,2159,6208,7,0,0,0,0,100,0,0,0,7,Yes,Yes,Yes,Yes,2024-05-07,No,No
ethiopia-assessment-and-analysis-working-group,Ethiopia Assessment and Analysis Working Group (inactive),Local,0,0,0,0,0,0,,,,,,6,No,No,No,No,,No,Yes
ewipa,EWIPA Community (inactive),Global,228,139,0,0,0,1,,,,,,0,No,No,No,No,,No,Yes
fao,Food and Agriculture Organization (FAO) of the United Nations,Global,156016,247445,440,0,0,0,0,100,0,0,0,709,Yes,Yes,No,No,2024-05-30,No,No
fao-reowa,FAO REOWA (Subregional Team for Resilience West Africa and the Sahel) (inactive),Regional,173,196,0,0,0,2,,,,,,97,No,No,No,No,,No,Yes
fao-swalim,FAO SWALIM (inactive),Regional,1029,294,0,0,0,7,,,,,,85,No,No,No,No,,No,Yes
fewsnet,FEWS NET,Global,4570,2878,956,0,0,0,0,0,0,0,24,106,Yes,Yes,Yes,Yes,,No,No
fieldmaps,FieldMaps,Global,2106,998,5,0,0,0,0,0,0,0,80,97,Yes,Yes,No,No,,No,No
fieldsdata,Fields Data,Global,998,1031,61,0,0,0,0,39,0,0,98,183,No,No,No,No,2023-06-01,No,No
flowminder,Flowminder (inactive),Global,1746,1295,0,0,0,8,,,,,,116,No,No,No,No,,No,Yes
food-security-information-network,Food Security Information Network,Global,84,128,1,0,0,0,0,0,0,0,0,27,Yes,Yes,No,No,,No,No
foundation-center-organization,Foundation Center (inactive),Global,1436,182,0,0,0,1,,,,,,159,No,No,No,No,,No,Yes
fsnwg,"Food Security and Nutrition Working Group, West and Central Africa",Regional,6556,2065,1,0,0,0,0,0,0,0,0,124,No,No,Yes,Yes,,Yes,No
gates-foundation,Bill & Melinda Gates Foundation (inactive),Global,242,45,0,0,0,1,,,,,,179,No,No,No,No,,No,Yes
gec,Global Education Cluster,Global,425,236,1,0,0,0,0,0,0,0,100,108,No,No,No,No,,No,No
gem-foundation,Global Earthquake Model Foundation,Global,1718,2342,47,0,0,0,0,0,0,0,0,127,No,No,No,No,,No,No
geoboundaries,geoBoundaries,Global,58870,31657,130,0,0,0,0,100,0,99,0,201,Yes,Yes,No,No,2024-05-29,No,No
geopoll,"Mobile Accord, Inc. (GeoPoll)",Global,2279,883,6,0,0,0,0,0,0,0,0,108,No,No,No,No,,No,No
geothings,GeoThings,Global,32,62,2,0,0,0,0,0,0,0,0,258,No,No,No,No,,No,No
gifmm,Grupo Interagencial sobre Flujos Migratorios Mixtos (inactive),Regional,382,336,0,0,0,6,,,,,,47,No,No,No,No,,No,Yes
glc,Global Logistics Cluster,Global,913,604,1,0,0,0,0,0,0,0,0,102,No,No,No,No,,No,No
global-alliance-for-clean-cookstoves,Global Alliance for Clean Cookstoves (inactive),Global,417,361,0,0,0,1,,,,,,135,No,No,No,No,,No,Yes
global-health-50-50,Global Health 50/50 (inactive),Global,1527,33,0,0,0,1,,,,,,125,No,No,No,No,,No,Yes
global-humanitarian-assistance-gha-programme,Development Initiatives,Global,1005,1138,2,0,0,4,0,0,0,0,0,205,No,No,No,No,,No,No
global-partnership-for-sustainable-development-data,Global Partnership for Sustainable Development Data,Global,0,0,0,1,0,0,,,,,,61,No,No,No,No,,No,No
global-shelter-cluster,Global Shelter Cluster,Global,826,747,4,0,0,3,0,0,0,0,0,339,No,No,No,No,,No,No
globaldothealth,Global.health,Global,132,28,5,0,0,0,0,0,0,0,100,97,No,No,No,No,,No,No
globhe,Globhe Drones,Global,714,1253,14,0,0,0,0,0,0,0,14,139,Yes,Yes,No,No,,No,No
google-research,Google Research,Global,1131,1323,5,0,0,0,0,0,0,0,40,50,No,No,Yes,Yes,,No,No
grid3,GRID3 (Geo-Referenced Infrastructure and Demographic Data for Development),Global,7451,5925,125,0,0,0,38,0,0,0,50,220,Yes,Yes,No,No,2022-04-04,No,No
ground-truth-solutions,Ground Truth Solutions,Global,0,0,0,6,0,0,,,,,,194,No,No,No,No,,No,No
gsi,"Geographic Services, Inc. (inactive)",Global,659,110,0,0,0,1,,,,,,234,No,No,No,No,,No,Yes
gtmi,GTMI Venezuela (inactive),Local,0,0,0,0,0,0,,,,,,65,No,No,No,No,,No,Yes
hdx,HDX,Global,341355,142671,211,0,0,150,0,61,0,5,5,1826,Yes,Yes,Yes,Yes,2024-05-27,Yes,No
hdx-collaboration,HDX Collaboration,Global,0,0,0,0,0,0,,,,,,5,No,No,No,No,,No,No
health-cluster,Health Cluster,Global,2691,3778,15,3,0,1,0,0,0,0,47,68,Yes,Yes,No,No,,No,No
healthsites,Global Healthsites Mapping Project,Global,97882,57938,205,1,0,1,0,99,0,6,0,649,No,No,Yes,Yes,2024-02-08,No,No
healthwaregroup,Healthware Group,Global,71,12,1,0,0,0,0,0,0,100,100,87,No,No,No,No,,No,No
heidelberg-institute-for-geoinformation-technology,Heidelberg Institute for Geoinformation Technology,Global,152,101,1,0,0,0,0,0,0,0,100,51,No,No,No,No,,No,No
helpage-international,HelpAge International (inactive),Global,221,349,0,0,0,2,,,,,,163,No,No,No,No,,No,Yes
hera-humanitarian-emergency-response-africa,HERA - Humanitarian Emergency Response Africa,Regional,23747,13949,34,0,0,0,0,0,0,0,3,115,No,No,No,No,,No,No
hi,Humanity & Inclusion / Handicap International (inactive),Global,350,174,0,0,0,1,,,,,,134,No,No,No,No,,No,Yes
himalayan-disaster-relief-volunteer-group,Himalayan Disaster Relief Volunteer Group (inactive),Local,79,97,0,0,0,1,,,,,,1,No,No,No,No,,No,Yes
hla,Hub Latin America,Regional,2593,1354,115,0,0,0,0,0,0,0,5,99,No,No,No,No,,No,No
hot,Humanitarian OpenStreetMap Team (HOT),Global,285557,95704,4391,0,0,0,0,100,0,8,0,1244,Yes,Yes,Yes,Yes,2024-05-20,Yes,No
hrf-cambodia,Humanitarian Response Forum (HRF) - Cambodia (inactive),Local,0,0,0,0,0,0,,,,,,2,No,No,No,No,,No,Yes
hrrp-nepal,Housing recovery and reconstruction platform (HRRP) - Nepal (inactive),Local,4983,1026,0,0,0,4,,,,,,130,No,No,No,No,,No,Yes
hxl,Humanitarian Exchange Language (#HXL),Global,282,85,3,0,0,0,0,0,0,33,67,82,Yes,Yes,Yes,Yes,,No,No
iati,International Aid Transparency Initiative,Global,2063,734,242,0,0,0,0,100,0,100,95,421,No,No,No,No,2022-08-25,Yes,No
icao,International Civil Aviation Organization (ICAO),Global,165,77,1,0,0,0,0,0,0,100,0,51,No,No,No,No,,No,No
ici,International Cocoa Initiative (inactive),Global,230,71,0,0,0,1,,,,,,65,No,No,No,No,,No,Yes
idi,Infectious Diseases Institute (inactive),Global,843,329,0,0,0,1,,,,,,141,No,No,No,No,,No,Yes
ifhv,Institute for International Law of Peace and Armed Conflict,Global,9293,8608,2,0,0,0,0,0,0,0,0,32,No,No,No,No,,No,No
ifpri,International Food Policy Research Institute (inactive),Global,0,0,0,0,0,0,,,,,,115,No,No,No,No,,No,Yes
ifrc,International Federation of Red Cross and Red Crescent Societies (IFRC),Global,11998,33189,168,12,0,23,0,98,0,0,1,503,Yes,Yes,Yes,Yes,2024-05-30,No,No
igad-climate-prediction-and-application-center,IGAD Climate Prediction and Applications Center (ICPAC),Regional,605,2904,35,0,0,0,0,89,0,0,0,26,No,No,Yes,Yes,2022-04-14,No,No
immap,iMMAP Inc.,Global,16429,23216,184,4,0,0,0,1,0,0,42,343,Yes,Yes,Yes,Yes,2024-03-19,No,No
inee,Inter-agency Network for Education in Emergencies (inactive),Global,191,63,0,0,0,1,,,,,,104,No,No,No,No,,No,Yes
infoculture,Infoculture,Local,495,513,3,0,0,0,0,0,0,0,33,65,No,No,No,No,,No,No
inform,INFORM,Global,2004,1672,8,0,0,3,0,0,0,0,62,312,Yes,Yes,Yes,Yes,,No,No
innago,INNAGO (inactive),Global,0,0,0,0,0,0,,,,,,50,No,No,No,No,,No,Yes
insecurity-insight,Insecurity Insight,Global,33628,35060,38,0,0,0,0,0,0,0,0,202,Yes,Yes,Yes,Yes,,No,No
inter-sector-coordination-group,Inter Sector Coordination Group,Local,31882,14275,18,0,0,0,0,0,0,0,0,204,Yes,Yes,Yes,Yes,,No,No
interaction,InterAction,Global,3324,5949,65,0,0,0,0,100,0,0,0,396,Yes,Yes,No,No,2024-05-10,No,No
intermedia,InterMedia Survey Institute (inactive),Global,0,0,0,0,0,0,,,,,,125,No,No,No,No,,No,Yes
international-displacement-monitoring-centre-idmc,Internal Displacement Monitoring Centre (IDMC),Global,51867,82013,421,0,0,0,0,100,0,0,0,602,Yes,Yes,Yes,Yes,2024-05-30,No,No
international-organization-for-migration,International Organization for Migration (IOM),Global,167806,163073,158,10,0,29,0,0,0,0,1,1032,Yes,Yes,Yes,Yes,,Yes,No
internews,Internews,Global,1755,606,2,1,0,5,0,0,0,0,0,191,No,No,No,No,,No,No
iom-missing-migrants-project,IOM Missing Migrants Project,Global,973,333,1,0,0,0,0,0,0,0,100,241,Yes,Yes,No,No,,No,No
ipc,Integrated Food Security Phase Classification (IPC),Global,19303,32469,56,0,0,0,0,95,0,0,0,130,Yes,Yes,Yes,Yes,2024-05-28,Yes,No
ipc-cluster-guinea,IPC Cluster Guinea (inactive),Local,60,21,0,0,0,2,,,,,,2,No,No,No,No,,No,Yes
ipis,International Peace Information Service (IPIS) (inactive),Global,158,35,0,0,0,3,,,,,,117,No,No,No,No,,No,Yes
iraq-shelter-cluster,Iraq Shelter Cluster (inactive),Local,107,136,0,0,0,1,,,,,,24,No,No,No,No,,No,Yes
irc,International Rescue Committee (inactive),Global,0,0,0,0,0,0,,,,,,277,No,No,No,No,,No,Yes
irc-ethiopia,International Rescue Committee Ethiopia,Local,3895,1785,1,0,0,82,0,0,0,0,0,153,Yes,Yes,No,No,,No,No
isi-foundation-cuebiq-inc,ISI Foundation / Cuebiq Inc (inactive),Local,2182,506,0,0,0,1,,,,,,57,No,No,No,No,,No,Yes
itos,ITOS,Global,1338,1145,2,0,0,11,50,0,0,0,100,35,Yes,Yes,No,No,2024-04-09,No,No
iwmi,International Water Management Institute (inactive),Global,0,0,0,0,0,0,,,,,,172,No,No,No,No,,No,Yes
jcc,Joint Coordination Centre,Global,8250,1689,2,0,0,0,0,0,0,0,50,0,No,No,No,No,,No,No
jhsph,Johns Hopkins School of Public Health,Global,1005,1120,12,0,0,1,0,0,0,0,0,273,No,No,No,No,,No,No
jhuapl,Johns Hopkins Applied Physics Lab,Global,416,121,6,0,0,0,0,0,0,0,0,99,No,No,No,No,,No,No
jhucsse,Johns Hopkins University Center for Systems Science and Engineering ,Global,434466,7431,1,0,0,0,0,0,0,0,0,100,No,No,No,No,,No,No
jips,Joint IDP Profiling Service (JIPS) (inactive),Global,720,546,0,0,0,7,,,,,,207,No,No,No,No,,No,Yes
joint-research-centre-of-the-european-commission,Joint Research Centre of the European Commission,Global,60,131,1,0,0,0,0,100,0,0,0,3,Yes,Yes,No,No,2024-05-29,No,No
kenya-national-bureau-of-statistics,Kenya National Bureau of Statistics,Local,20784,9562,24,0,0,17,0,0,0,0,0,161,No,No,No,No,,No,No
kenya-open-data-initiative,Kenya Open Data Initiative,Local,9410,4483,8,0,0,22,0,0,0,0,0,249,Yes,Yes,No,No,,No,No
kenya-red-cross-society,Kenya Red Cross Society,Local,3642,3626,2,0,0,16,0,0,0,0,50,211,No,No,No,No,,No,No
kontur,Kontur,Global,27020,13594,502,0,0,0,0,99,0,0,0,97,No,No,Yes,Yes,2023-10-31,No,No
la-nina-consortium,La Niña Consortium (inactive),Regional,290,216,0,0,0,2,,,,,,128,No,No,No,No,,No,Yes
lacso,Laboratorio de Ciencias Sociales (LACSO) (inactive),Local,107,161,0,0,0,1,,,,,,84,No,No,No,No,,No,Yes
legal-aid-ukraine,Legal Aid Ukraine,Local,20,44,1,0,0,0,0,0,0,0,0,9,No,No,Yes,Yes,,No,No
liberia-education-in-emergencies,Liberia Education in Emergencies (inactive),Local,75,88,0,0,0,1,,,,,,120,No,No,No,No,,No,Yes
libya-ingo-forum,Libya INGO Forum (inactive),Local,97,161,0,0,0,1,,,,,,35,No,No,No,No,,No,Yes
light-for-the-world,Light for the World (inactive),Global,43,64,0,0,0,1,,,,,,34,No,No,No,No,,No,Yes
liquidtelecom,Liquid Intelligent Technologies (inactive),Global,245,95,0,0,0,1,,,,,,55,No,No,No,No,,No,Yes
majidata,Majidata (inactive),Local,977,1034,0,0,0,7,,,,,,71,No,No,No,No,,No,Yes
map-kibera,Map Kibera (inactive),Local,1108,160,0,0,0,17,,,,,,103,No,No,No,No,,No,Yes
mapaction,MapAction,Global,1161,566,2,0,0,10,0,0,0,50,0,421,No,No,No,No,,No,No
meers,Middle East Education Research Training and Support (inactive),Regional,1054,1415,0,0,0,2,,,,,,75,No,No,No,No,,No,Yes
meta,Data for Good at Meta,Global,503025,144402,219,0,0,0,0,0,0,0,4,568,Yes,Yes,Yes,Yes,,No,No
mimu,Myanmar Information Management Unit (MIMU),Local,4144,2047,68,0,0,0,0,94,0,0,3,240,Yes,Yes,Yes,Yes,2024-03-20,Yes,No
mit-government-lab,MIT Governance Lab (inactive),Global,0,0,0,0,0,0,,,,,,3,No,No,No,No,,No,Yes
moving-energy-initiative,Moving Energy Initiative (inactive),Global,2341,605,0,0,0,1,,,,,,132,No,No,No,No,,No,Yes
msf,Medecins Sans Frontieres (inactive),Global,57,15,0,0,0,1,,,,,,152,No,No,No,No,,No,Yes
national-digital-strategy-unit-at-the-office-of-the-president-of-mexico,National Digital Strategy Unit at the Office of the President of Mexico (inactive),Local,421,232,0,0,0,9,,,,,,51,No,No,No,No,,No,Yes
national-geospatial-intelligence-agency,US National Geospatial-Intelligence Agency (inactive),Global,64,1,0,0,0,2,,,,,,3,No,No,No,No,,No,Yes
needslist,NeedsList,Global,61,72,1,0,0,0,0,0,0,0,0,16,No,No,No,No,,No,No
nepal-unrchco,UN in Nepal,Local,1019,660,1,0,0,5,0,0,0,0,100,136,No,No,No,No,,No,No
netherlands-red-cross,Netherlands Red Cross - 510,Global,7274,4677,14,0,0,7,0,0,0,0,0,164,No,No,No,No,,No,No
nethope,NetHope (inactive),Global,384,358,0,0,0,3,,,,,,99,No,No,No,No,,No,Yes
observatory-of-conflict-and-violence-prevention-ocvp,Observatory of Conflict and Violence Prevention (inactive),Global,674,849,0,0,0,11,,,,,,164,No,No,No,No,,No,Yes
ocha-afghanistan,OCHA Afghanistan,Global,28240,21787,62,7,0,13,2,2,0,0,0,311,Yes,Yes,Yes,Yes,2024-01-03,Yes,No
ocha-bgss1,OCHA BGSS (inactive),,0,0,0,0,0,0,,,,,,0,No,No,No,No,,No,Yes
ocha-burkina,OCHA Burkina Faso,Global,15142,9884,10,1,0,0,30,0,0,0,0,74,Yes,Yes,Yes,No,2023-04-04,Yes,No
ocha-burundi,OCHA Burundi,Global,3878,3473,11,0,0,0,9,0,0,0,0,119,No,No,No,No,2020-04-28,No,No
ocha-cameroon,OCHA Cameroon,Global,11265,5849,11,0,0,0,9,0,0,0,0,122,Yes,Yes,No,No,2023-04-04,Yes,No
ocha-car,OCHA Central African Republic,Global,16527,10098,20,0,0,4,35,0,0,0,0,218,Yes,Yes,Yes,Yes,2023-04-04,Yes,No
ocha-chad,OCHA Chad,Global,18089,9715,14,1,0,1,21,7,0,0,7,185,Yes,Yes,No,No,2023-04-04,Yes,No
ocha-colombia,OCHA Colombia,Global,13874,15880,36,0,0,60,0,0,0,0,0,298,No,No,Yes,Yes,,Yes,No
ocha-crs,OCHA CRS (inactive),Global,0,0,0,0,0,0,,,,,,114,No,No,No,No,,No,Yes
ocha-dr-congo,OCHA Democratic Republic of the Congo (DRC),Global,41593,19850,22,0,0,7,32,0,0,0,18,258,Yes,Yes,Yes,Yes,2024-01-01,Yes,No
ocha-ds,OCHA Digital Services,Global,1165,413,4,0,0,0,0,0,0,25,25,61,No,No,No,No,,No,No
ocha-eritrea,OCHA Eritrea,Global,132,130,2,1,0,0,0,0,0,0,0,107,No,No,No,No,,No,No
ocha-ethiopia,OCHA Ethiopia,Global,57418,24518,35,0,0,10,14,0,0,0,3,249,Yes,Yes,Yes,Yes,2024-01-26,Yes,No
ocha-fiss,OCHA Field Information Services Section (FISS),Global,205177,91947,135,0,0,6,85,10,0,0,81,217,Yes,Yes,Yes,Yes,2024-05-27,Yes,No
ocha-fts,OCHA Financial Tracking System (FTS),Global,488111,347970,278,0,0,2,0,81,0,18,17,755,Yes,Yes,Yes,Yes,2024-05-30,Yes,No
ocha-guinea,OCHA Guinea (inactive),Global,200,258,0,0,0,2,,,,,,31,No,No,No,No,,No,Yes
ocha-haiti,OCHA Haiti,Global,12135,7389,18,1,0,7,33,0,0,0,6,219,Yes,Yes,Yes,Yes,2024-01-10,Yes,No
ocha-indonesia,OCHA Indonesia,Global,1654,1254,4,0,0,2,0,0,0,0,25,181,No,No,No,No,,No,No
ocha-iraq,OCHA Iraq,Global,19743,5593,13,0,0,6,46,0,0,0,46,246,No,No,No,No,2023-05-31,No,No
ocha-jordan,OCHA Jordan (inactive),Global,0,0,0,0,0,0,,,,,,209,No,No,No,No,,No,Yes
ocha-lebanon,OCHA Lebanon,Global,11000,2281,15,0,0,0,87,0,0,0,0,223,No,No,No,No,2020-10-09,No,No
ocha-liberia,OCHA Liberia (inactive),Global,838,255,0,0,0,8,,,,,,160,No,No,No,No,,No,Yes
ocha-libya,OCHA Libya,Global,2743,1883,7,0,0,0,14,0,0,0,14,67,No,No,No,No,2021-07-28,Yes,No
ocha-mali,OCHA Mali,Global,21437,12147,26,1,0,11,27,0,0,0,4,234,Yes,Yes,Yes,Yes,2023-06-30,Yes,No
ocha-mozambique-hat,OCHA Mozambique,Global,8417,5208,27,0,0,0,0,0,0,19,0,77,Yes,Yes,Yes,Yes,,Yes,No
ocha-myanmar,OCHA Myanmar,Global,1350,1200,8,0,0,0,0,0,0,0,0,199,No,No,Yes,Yes,,Yes,No
ocha-naas,OCHA Needs Assessment and Analysis Section (NAAS) (inactive),Global,678,428,0,0,0,2,,,,,,2,No,No,No,No,,No,Yes
ocha-nepal,OCHA Nepal (inactive),Global,4074,1297,0,0,0,12,,,,,,160,No,No,No,No,,No,Yes
ocha-niger,OCHA Niger,Global,16790,9712,17,2,0,2,24,0,0,0,0,192,Yes,Yes,Yes,Yes,2024-04-08,Yes,No
ocha-nigeria,OCHA Nigeria,Global,42498,16020,34,0,0,2,26,0,0,0,6,262,Yes,Yes,Yes,Yes,2023-04-04,Yes,No
ocha-opt,OCHA occupied Palestinian territory (oPt),Global,19958,12897,34,0,0,3,12,0,0,0,3,204,Yes,Yes,Yes,Yes,2023-10-20,Yes,No
ocha-pakistan,OCHA Pakistan,Global,8621,2536,12,0,0,5,17,0,0,0,0,233,Yes,Yes,No,No,2018-11-23,No,No
ocha-philippines,OCHA Philippines,Global,76267,29893,25,0,0,49,16,0,0,0,8,356,No,No,No,No,2023-11-13,No,No
ocha-roap,OCHA Regional Office for Asia and the Pacific (ROAP),Regional,238680,63385,52,0,0,68,94,2,0,0,35,477,Yes,No,No,No,2023-07-12,No,No
ocha-rocca,OCHA ROCCA (inactive),Regional,2165,825,0,0,0,9,,,,,,108,No,No,No,No,,No,Yes
ocha-rolac,OCHA Latin America and the Caribbean (ROLAC),Regional,87260,33435,54,0,0,126,57,2,0,2,17,409,Yes,Yes,Yes,Yes,2024-04-19,Yes,No
ocha-romena,OCHA Middle East and North Africa (ROMENA),Regional,87892,29864,41,0,0,2,95,0,0,0,29,189,Yes,Yes,Yes,Yes,2024-04-19,Yes,No
ocha-rop,OCHA Office of the Pacific Islands,Regional,6052,4420,6,0,0,2,83,0,0,0,67,135,No,No,No,No,2023-06-30,No,No
ocha-rosa,OCHA ROSA (inactive),Regional,18256,4579,6,0,0,7,100,0,0,0,17,175,No,No,No,No,2023-07-12,No,Yes
ocha-rosc,OCHA Syria,Global,27089,9955,13,2,0,9,23,0,0,0,0,174,Yes,Yes,No,No,2023-04-04,Yes,No
ocha-rosea,OCHA Regional Office for Southern and Eastern Africa (ROSEA),Regional,160195,53657,91,0,0,36,43,0,0,0,19,396,Yes,Yes,Yes,Yes,2024-01-19,Yes,No
ocha-rowca,OCHA West and Central Africa (ROWCA),Regional,112650,39193,90,0,0,23,66,0,0,0,16,344,Yes,Yes,No,No,2024-04-30,Yes,No
ocha-somalia,OCHA Somalia,Global,22344,15242,27,3,0,6,4,0,0,0,4,252,Yes,Yes,Yes,Yes,2022-09-22,Yes,No
ocha-south-sudan,OCHA South Sudan,Global,27295,15999,24,0,0,10,12,0,0,0,12,278,Yes,Yes,Yes,Yes,2023-09-05,Yes,No
ocha-sudan,OCHA Sudan,Global,17539,11796,74,0,0,18,4,0,0,0,5,279,Yes,Yes,Yes,Yes,2021-07-12,Yes,No
ocha-turkey,OCHA Türkiye,Global,8724,6554,28,0,0,0,0,0,0,0,4,278,No,No,Yes,Yes,,Yes,No
ocha-ukraine,OCHA Ukraine,Global,11173,8150,6,1,0,10,17,0,0,0,17,190,Yes,Yes,Yes,Yes,2024-01-19,Yes,No
ocha-yemen,OCHA Yemen,Global,31753,13486,14,2,0,1,36,0,0,0,0,272,Yes,No,Yes,Yes,2024-02-06,Yes,No
ochavenezuela,OCHA Venezuela,Global,7699,3048,21,4,0,0,10,0,0,0,62,87,Yes,No,No,No,2023-06-30,Yes,No
olds,Observatorio Latioamericano de Desarrollo Sostenible,Regional,2261,1328,8,0,0,1,0,0,0,0,0,107,No,No,No,No,,No,No
open-crisis,Open Crisis (inactive),Local,2605,1730,0,0,0,11,,,,,,23,No,No,No,No,,No,Yes
openafrica,openAFRICA (inactive),Regional,4022,1272,0,0,0,7,,,,,,140,No,No,No,No,,No,Yes
opennepal,OpenNepal (inactive),Local,3220,734,0,0,0,91,,,,,,179,No,No,No,No,,No,Yes
osm-rdc,OpenStreetMap RDC,Local,17848,9328,28,0,0,1,7,0,0,0,14,261,No,No,No,No,2021-12-12,No,No
ourairports,OurAirports,Global,12536,3547,235,0,0,0,0,94,3,100,97,300,Yes,Yes,Yes,Yes,2022-11-09,Yes,No
oxford-policy-management,Oxford Policy Management (inactive),Global,2662,2255,0,1,0,2,,,,,,163,No,No,No,No,,No,Yes
oxford-poverty-human-development-initiative,Oxford Poverty & Human Development Initiative,Global,16130,8006,102,0,0,0,0,0,0,0,0,287,No,No,No,No,,Yes,No
pacific-community,Pacific Community,Regional,447,223,35,0,0,0,0,0,0,0,0,44,Yes,Yes,Yes,Yes,,No,No
path,Private Sector for Resilience and Collaboration,Global,310,416,7,0,0,0,0,0,0,0,0,69,No,No,No,No,,No,No
pax,PAX (inactive),Global,0,0,0,0,0,0,,,,,,80,No,No,No,No,,No,Yes
pcbs,Palestinian Central Bureau of Statistics,Local,1830,2066,5,0,0,5,0,0,0,0,0,83,Yes,Yes,No,No,,Yes,No
pdc,Pacific Disaster Center (inactive),Regional,0,0,0,0,0,0,,,,,,140,No,No,No,No,,No,Yes
plan-lcb,Plan International Lake Chad Programme (inactive),Local,0,0,0,0,0,0,,,,,,90,No,No,No,No,,No,Yes
pmi,Indonesian Red Cross (PMI) (inactive),Local,80,8,0,0,0,1,,,,,,88,No,No,No,No,,No,Yes
practicalaction,Practical Action (inactive),Global,819,1191,0,0,0,4,,,,,,68,No,No,No,No,,No,Yes
primero,Primero (inactive),Global,0,0,0,0,0,0,,,,,,32,No,No,No,No,,No,Yes
protection-cluster-colombia,Protection Cluster Colombia,Local,11,27,1,0,0,0,0,0,0,0,0,1,No,No,Yes,Yes,,No,No
qcri,Qatar Computing Research Institute,Global,3414,1588,6,0,0,0,0,0,0,0,0,114,No,No,No,No,,No,No
r4v,Inter-Agency Coordination Platform for Refugees and Migrants from Venezuela,Regional,1932,1902,7,0,0,0,0,0,0,0,14,52,Yes,Yes,Yes,Yes,,No,No
rca,Central African Republic Education Cluster,Local,241,280,2,0,0,0,0,0,0,0,0,73,No,No,No,No,,No,No
rccc,RCRC Climate Centre,Global,32,16,1,1,0,0,0,0,0,0,0,39,No,No,Yes,No,,No,No
rcmrd,Regional Centre for Mapping of Development Resources (RCMRD) (inactive),Regional,80,11,0,0,0,2,,,,,,155,No,No,No,No,,No,Yes
rcpwca,Regional Cholera Platform in West and Central Africa (inactive),Regional,766,1006,0,0,0,6,,,,,,95,No,No,No,No,,No,Yes
reach-initiative,REACH Initiative,Global,21638,13433,25,18,0,68,0,0,0,0,8,529,No,No,Yes,Yes,,No,No
redhum,Redhum (inactive),Regional,2015,2375,0,0,0,15,,,,,,134,No,No,No,No,,No,Yes
redhumus-org,ReDHumus.org (inactive),Global,116,188,0,0,0,2,,,,,,132,No,No,No,No,,No,Yes
reliefweb,ReliefWeb,Global,5527,947,2,0,0,1,0,0,0,50,50,496,Yes,No,Yes,No,,No,No
rimwg-e,Regional IM Working Group - Europe,Regional,22451,7093,7,0,0,0,86,0,0,0,14,60,No,No,No,No,2023-06-30,No,No
riwi-corp,RIWI Corp. (inactive),Global,302,267,0,0,0,3,,,,,,84,No,No,No,No,,No,Yes
rrmp,RRMP (inactive),Global,101,89,0,0,0,1,,,,,,67,No,No,No,No,,No,Yes
sadc_rvaa,Regional Vulnerability Assessment & Analysis Programme (inactive),Regional,660,813,0,0,0,7,,,,,,172,No,No,No,No,,No,Yes
safeture,Safeture,Global,353,48,3,0,0,0,0,0,0,0,0,49,No,No,No,No,,No,No
sahana,Sahana Software Foundation (inactive),Global,130,79,0,0,0,1,,,,,,72,No,No,No,No,,No,Yes
sahel-ors,Sahel ORS (inactive),Regional,1073,1036,0,0,0,7,,,,,,15,No,No,No,No,,No,Yes
sams,Syrian American Medical Society,Local,25,31,1,1,0,0,0,0,0,0,0,18,No,No,Yes,No,,No,No
sapa,Sudanese American Physicians Association,,7,12,3,0,0,0,0,0,0,0,0,0,Yes,Yes,No,No,,No,No
savethechildren,Save the Children (inactive),Global,0,0,0,0,0,0,,,,,,250,No,No,No,No,,No,Yes
sbp,Standby Partnership Network (inactive),Global,33,3,0,0,0,1,,,,,,53,No,No,No,No,,No,Yes
scofieldassociates,Scofield Associates Limited,Global,0,0,0,1,0,0,,,,,,46,No,No,No,No,,No,No
senmoh,Ministère de la Santé et de l'Action Sociale (inactive),Local,245,226,0,0,0,2,,,,,,70,No,No,No,No,,No,Yes
small-arms-survey,Small Arms Survey,Global,293,268,1,1,0,3,0,0,0,0,100,127,No,No,Yes,Yes,,No,No
soil,Sustainable Organic Integrated Livelihoods,Local,127,158,2,0,0,0,0,0,0,0,0,23,No,No,No,No,,No,No
somalia-ngo-consortium,Somalia NGO Consortium (inactive),Local,563,377,0,0,0,2,,,,,,169,No,No,No,No,,No,Yes
soswcaf,SOS Children’s Villages WCAF (inactive),Global,71,129,0,0,0,1,,,,,,97,No,No,No,No,,No,Yes
south-syria-cross-border-operations,South Syria Cross-border operations (inactive),Local,243,176,0,0,0,2,,,,,,2,No,No,No,No,,No,Yes
spatial-collective,Spatial Collective (inactive),Regional,159,22,0,0,0,1,,,,,,136,No,No,No,No,,No,Yes
srsgcc,Special Representative of the Secretary General for Children and Armed Conflict (inactive),Global,105,98,0,0,0,1,,,,,,97,No,No,No,No,,No,Yes
standby-task-force,Standby Task Force (inactive),Global,5486,839,0,0,0,12,,,,,,104,No,No,No,No,,No,Yes
techo-colombia,TECHO Colombia (inactive),Local,260,92,0,0,0,11,,,,,,69,No,No,No,No,,No,Yes
the-housing-land-and-property-area-of-responsibility,"The Housing, Land and Property Area of Responsibility",Global,5,14,1,0,0,0,0,0,0,0,0,4,Yes,Yes,No,No,,No,No
the-migrants-files,The Migrants' Files (inactive),Global,199,31,0,0,0,2,,,,,,1,No,No,No,No,,No,Yes
thinking-machines,Thinking Machines Data Science,Regional,98,264,2,0,0,0,0,0,0,0,0,4,Yes,Yes,Yes,Yes,,No,No
uec,Ukraine Education Cluster,Local,90,79,1,0,0,1,0,0,0,0,0,74,No,No,No,No,,No,No
ugrc,Uganda Red Cross Society (inactive),Local,2125,766,0,0,0,7,,,,,,96,No,No,No,No,,No,Yes
un-in-viet-nam,UN in Viet Nam,Local,30,35,1,0,0,0,0,0,0,0,0,14,No,No,No,No,,No,No
un-ocha,OCHA HQ,Global,8985,4712,13,0,0,3,0,0,0,8,0,262,Yes,Yes,Yes,Yes,,No,No
undac,UNDAC,Global,247,194,4,0,0,0,0,0,0,0,0,103,No,No,No,No,,No,No
undco,United Nations Development Coordination Office (inactive),Global,784,544,0,0,0,4,,,,,,148,No,No,No,No,,No,Yes
undp-human-development-reports-office,UNDP Human Development Reports Office (HDRO),Global,31669,57874,199,0,0,29,0,98,0,0,0,568,No,No,Yes,Yes,2024-02-07,No,No
uneca,United Nations Economic Commission for Africa,Regional,5402,6397,57,0,0,17,0,0,0,0,0,374,No,No,No,No,,No,No
unesco,UNESCO,Global,141083,151117,248,0,0,0,0,96,0,0,0,697,No,No,No,No,2022-12-21,No,No
unescwa,United Nations Economic and Social Commission for Western Asia (UN ESCWA) (inactive),Regional,0,0,0,0,0,0,,,,,,116,No,No,No,No,,No,Yes
unfpa,UNFPA,Global,151138,58201,95,0,0,1,100,0,0,0,0,157,Yes,Yes,Yes,Yes,2024-04-19,Yes,No
unfpa-philippines,UNFPA Philippines,Global,251,169,1,0,0,0,100,0,0,0,0,34,No,No,No,No,2022-09-01,No,No
unfpaind,UNFPA Indonesia (inactive),Global,546,222,0,0,0,10,,,,,,80,No,No,No,No,,No,Yes
unhabitat-das,"United Nations Human Settlement Programmes, Data and Analytics Section",Global,16566,22450,0,0,0,179,,,,,,458,No,No,No,No,,No,No
unhas,UN Humanitarian Air Service,Global,35,52,1,0,0,0,0,0,0,0,0,22,No,No,No,No,,No,No
unhcr,UNHCR - The UN Refugee Agency,Global,119026,167379,940,2,0,18,0,98,0,1,1,1463,Yes,Yes,Yes,Yes,2024-04-12,Yes,No
unhcr-afghanistan,UNHCR Afghanistan,Global,3693,3374,10,0,0,3,0,0,0,0,0,130,Yes,Yes,Yes,Yes,,Yes,No
unicef-colombia,UNICEF Colombia,Global,70,80,0,0,0,1,,,,,,91,No,No,No,No,,No,No
unicef-data,UNICEF Data and Analytics (HQ),Global,8897,3067,236,0,0,0,0,97,0,0,0,951,Yes,Yes,No,No,2020-04-14,No,No
unicef-esaro,UNICEF Eastern and Southern Africa Regional Office (ESARO),Regional,10103,5305,27,0,0,6,0,0,0,0,0,157,No,No,No,No,,No,No
unicef-nigeria,UNICEF Nigeria (inactive),Global,742,804,0,0,0,5,,,,,,164,No,No,No,No,,No,Yes
unicef-rdc,UNICEF Democratic Republic of Congo,Global,1457,769,2,0,0,0,0,0,0,0,0,49,No,No,No,No,,Yes,No
unicef-somalia-nairobi,Somalia Nutrition Cluster (inactive),Local,94,100,0,0,0,1,,,,,,67,No,No,No,No,,No,Yes
unicefsd,UNICEF South Sudan,Global,431,289,2,0,0,0,0,0,0,0,0,83,No,No,No,No,,No,No
unicefven,UNICEF Venezuela (inactive),Global,81,84,0,0,0,1,,,,,,37,No,No,No,No,,No,Yes
united-nations-office-for-disaster-risk-reduction-unisdr,United Nations Office for Disaster Risk Reduction (UNDRR),Global,25865,9064,6,0,0,202,0,0,0,0,0,1061,No,No,No,No,,No,No
universidad-de-los-andes-venezuela,"Universidad de Los Andes, Venezuela (inactive)",Local,355,354,0,0,0,3,,,,,,84,No,No,No,No,,No,Yes
unmeer,UNMEER (inactive),Regional,1316,330,0,0,0,4,,,,,,28,No,No,No,No,,No,Yes
unodc,United Nations Office on Drugs and Crime,Global,779,626,1,0,0,2,0,0,0,0,0,300,No,No,No,No,,No,No
unopshtoc,UNOPS HTOC,Local,0,0,0,0,0,0,,,,,,70,No,No,No,No,,No,No
unosat,United Nations Satellite Centre (UNOSAT),Global,18454,6289,67,0,0,1157,0,100,0,0,0,1345,Yes,Yes,Yes,Yes,2024-05-30,No,No
unpeacesecurity,United Nations Peace and Security Data Hub,Global,20734,3501,71,0,0,0,0,100,0,0,72,225,Yes,Yes,Yes,Yes,2024-05-30,No,No
unpng,UN in Papua New Guinea,Local,6076,1641,9,0,0,0,0,0,0,0,0,84,No,No,No,No,,No,No
unrco-bangladesh,UN in Bangladesh,Local,123,141,2,0,0,0,0,0,0,0,0,18,Yes,Yes,Yes,Yes,,No,No
unrco-turkey,UN in Türkiye,Local,140,507,2,0,0,0,0,0,0,0,0,53,No,No,No,No,,No,No
unrwa-for-palestine-refugees-in-the-near-east,United Nations Relief and Works Agency for Palestine Refugees in the Near East,Local,2855,2888,3,0,0,0,0,0,0,0,33,17,Yes,Yes,Yes,Yes,,No,No
unu-wider,The United Nations University World Institute for Development Economics Research,Global,50,34,1,0,0,0,0,0,0,0,0,34,No,No,No,No,,No,No
urbansyria,Urban Analysis Network Syria,Local,0,0,0,5,0,0,,,,,,81,No,No,No,No,,No,No
us-census-bureau,U.S. Census Bureau,Global,2553,2322,27,0,0,0,0,0,0,0,96,78,Yes,Yes,Yes,Yes,,No,No
us-state-hiu,U.S. Department of State - Humanitarian Information Unit (inactive),Global,18650,3556,0,0,0,12,,,,,,304,Yes,No,No,No,,No,Yes
usaca,US Army Civil Affairs (inactive),Global,103,22,0,0,0,1,,,,,,87,No,No,No,No,,No,Yes
usaid-nepal,USAID Nepal (inactive),Global,2358,432,0,0,0,1,,,,,,66,No,No,No,No,,No,Yes
uwezo-at-twaweza-east-africa,Uwezo at Twaweza East Africa,Regional,6402,8517,2,0,0,10,0,0,0,0,0,120,No,No,No,No,,No,No
vanuatu-ndmo,Vanuatu NDMO (Cyclone Pam) (inactive),Local,390,609,0,0,0,8,,,,,,65,No,No,No,No,,No,Yes
voices-africa-ltd,Voices Africa Ltd. (inactive),Regional,117,142,0,0,0,1,,,,,,79,No,No,No,No,,No,Yes
vsf_b,Vétérinaires Sans Frontières - Belgium,Global,113,115,1,0,0,0,0,0,0,0,0,55,No,No,No,No,,No,No
wash-cluster-guinea,WASH Cluster Guinea (inactive),Local,646,360,0,0,0,2,,,,,,136,No,No,No,No,,No,Yes
wash-cluster-south-sudan,WASH Cluster South Sudan (inactive),Local,146,63,0,0,0,1,,,,,,91,No,No,No,No,,No,Yes
washwatch,WASHwatch (inactive),Global,135,90,0,0,0,1,,,,,,178,No,No,No,No,,No,Yes
water-point-data-exchange,Water Point Data Exchange,Global,1863,9034,18,0,0,1,0,100,0,0,100,309,Yes,Yes,No,No,2024-05-29,No,No
wcaro,UNICEF West and Central Africa (WCARO) (inactive),Regional,937,783,0,0,0,9,,,,,,119,No,No,No,No,,No,Yes
wellcome,Wellcome (inactive),Global,453,330,0,0,0,1,,,,,,43,No,No,No,No,,No,Yes
weworld,WeWorld (inactive),Global,0,0,0,0,0,0,,,,,,73,No,No,No,No,,No,Yes
wfp,WFP - World Food Programme,Global,191010,189282,462,0,0,18,0,90,2,2,1,1242,Yes,Yes,Yes,Yes,2024-05-29,Yes,No
wfp-lebanon,World Food Programme - Country office in Lebanon (inactive),Global,184,164,0,0,0,2,,,,,,2,No,No,No,No,,No,Yes
what3words,what3words (inactive),Global,852,569,0,0,0,5,,,,,,11,Yes,No,Yes,No,,No,Yes
wof,Who's On First,,907,912,247,0,0,0,0,100,0,0,0,1,Yes,Yes,No,No,2024-04-12,No,No
world-bank-group,World Bank Group,Global,807429,1095464,4667,0,0,0,0,100,0,0,0,570,Yes,Yes,Yes,Yes,2024-05-27,No,No
world-health-organization,World Health Organization,Global,831573,1246078,242,0,0,7,0,96,0,1,1,789,Yes,Yes,Yes,Yes,2024-05-16,Yes,No
world-resources-institute-wri,World Resources Institute (inactive),Global,579,354,0,0,0,5,,,,,,237,No,No,No,No,,No,Yes
worldpop,WorldPop,Global,112757,43292,1094,0,0,1,0,98,0,0,1,847,No,No,No,No,2020-11-24,No,No
wvi-haiti,World Vision International - Haiti,Local,16,30,1,0,0,0,0,0,0,0,0,9,No,No,No,No,,No,No
xchange,xchange (inactive),Global,563,220,0,0,0,2,,,,,,130,No,No,No,No,,No,Yes
yale-school-of-public-health,Yale School of Public Health,Global,26,42,1,0,0,0,0,0,0,0,0,10,No,No,No,No,,No,No
yemeni-response-council,Yemeni Response Council (inactive),Local,0,0,0,0,0,0,,,,,,37,No,No,No,No,,No,Yes
